Asset ID,Page,Section,Purpose,Family,Desktop rendered (CSS px @1440),Desktop deliver (px),Desktop ratio,Mobile rendered (CSS px @390),Mobile deliver (px),Mobile ratio,Separate mobile art,Format,Subject / art direction,Focal point & crop,Priority,Placeholder / fallback,Replacement path
BRAND-LOGO,Global,Header / footer / favicon,"Primary VISION PLUS logo (horizontal, positive + negative, monogram if one exists)",F9,cell 240×96 (page) / 160×64 (carousel),"SVG (preferred) or PNG ≥ 800 px wide, transparent",free (fit box),cell 140×56,same file,free,No,SVG / PNG,Official vector logo supplied by client. Not an image slot to be designed by us.,n/a,P0,Interim typographic wordmark in preview only; launch blocked without official logo,public/images/brand/vision-plus-logo.svg
OG-DEFAULT,Global,Social sharing,Default Open Graph / social card,F10,social preview,1200×630,1.91:1,—,—,—,No,PNG,Generated in code from brand typography (no photo). Designer may supply a custom version.,Text safe area: central 1080×510,P3,Code-generated typographic card,public/images/og/og-default.png
HOME-HERO,Home,1 Hero,Flagship first impression: architecture + integrated technology,F1,"1440×900 (100svh, clamp 720–960 px)",2880×1800,16:10,390×488,1080×1350,4:5,Yes,"JPG (sRGB, q≥90)","Real architectural photograph at dusk/night (charcoal facade, warm linear light) showing an installed system in context — mood per approved Option B reference. No renders, no stock clichés.","Subject in central 50% width. Outer 30% each side may sit under headline text (left in EN/ZH, right in AR). On ≥1920 screens crop is 2:1: keep subject inside central 2880×1440 band.",P1,Charcoal surface + crop-mark placeholder,public/images/home/home-hero.jpg + public/images/home/home-hero-mobile.jpg
HOME-STATEMENT,Home,2 Positioning statement,Editorial detail image beside the positioning statement,F4,752×501,1620×1080,3:2,350×233,same file,3:2,No,"JPG (sRGB, q≥90)","Close architectural/technical detail: a cabinet, device or cabling done with precision; real Vision Plus work.",Centered; allow 10% trim on any edge,P2,Section renders text-only (layout variant B),public/images/home/home-statement.jpg
HOME-MNVR,Home,4 Mobile NVR chapter,Signature differentiator: security that moves,F3,720×810,1440×1620,8:9,390×293,1080×810,4:3,Yes,"JPG (sRGB, q≥90)","Real vehicle / fleet / bus with Vision Plus mobile surveillance installation (cameras, MNVR unit, driver cabin).",Desktop: subject in upper-center; bottom 25% may carry caption overlay. Mobile: subject center.,P1,Dark-gray surface + crop-mark placeholder,public/images/home/home-mnvr.jpg + public/images/home/home-mnvr-mobile.jpg
HOME-CLOSING,Home,11 Closing CTA,Background for closing statement (rendered at ~35% under a charcoal scrim),F6,1440×600,2880×1200,12:5,390×488,1080×1350,4:5,Yes,"JPG (sRGB, q≥90)","Wide architectural night scene, low detail, room for text; can be the same shoot as HOME-HERO.",Low-detail zones on inline-start 60% (text). Mobile artwork optional (P3) — mobile shows solid charcoal if absent.,P2,Solid charcoal band (valid final design),public/images/home/home-closing.jpg + public/images/home/home-closing-mobile.jpg
SOL-HUB-HERO,Solutions hub,Page hero band,Solutions overview hero,F2,1440×640 (height clamp 360–760 px),2880×1280,9:4,390×293,1080×810,4:3,Yes,"JPG (sRGB, q≥90)",Integrated environment: building/control room where several systems coexist.,Subject within central 80% height; keep top 15% clear on mobile crop,P1,Placeholder band,public/images/solutions/sol-hub-hero.jpg + public/images/solutions/sol-hub-hero-mobile.jpg
SOL-MNVR-HERO,Solution: Mobile NVR & Mobile Surveillance,Page hero band,Mobile NVR & Mobile Surveillance detail hero,F2,1440×640 (height clamp 360–760 px),2880×1280,9:4,390×293,1080×810,4:3,Yes,"JPG (sRGB, q≥90)",Vehicle-mounted cameras / MNVR unit / fleet in operation. Real project photography preferred.,Subject within central 80% height and central 60% width,P1,Placeholder band,public/images/solutions/sol-mnvr-hero.jpg + public/images/solutions/sol-mnvr-hero-mobile.jpg
SOL-MNVR-CARD,Solutions hub + related links + mega menu (MNVR),Index row: Mobile NVR & Mobile Surveillance,Mobile NVR & Mobile Surveillance index image,F4,752×501,1620×1080,3:2,350×233,same file,3:2,No,"JPG (sRGB, q≥90)",Vehicle-mounted cameras / MNVR unit / fleet in operation. May be a different crop of the hero master.,Centered subject; 3:2 crop,P1,Placeholder (preview) / index row text-only (production),public/images/solutions/sol-mnvr-card.jpg
SOL-MNVR-DETAIL,Solution: Mobile NVR & Mobile Surveillance,Body media (beside capabilities list),Supporting in-body image for Mobile NVR & Mobile Surveillance,F5,528×660,1080×1350,4:5,350×438,same file,4:5,No,"JPG (sRGB, q≥90)","Detail view: equipment, installation or system in use.",Subject upper-center; bottom 10% may be trimmed,P2,Layout collapses to single column (no image),public/images/solutions/sol-mnvr-detail.jpg
SOL-CCTV-HERO,Solution: CCTV & Security Systems,Page hero band,CCTV & Security Systems detail hero,F2,1440×640 (height clamp 360–760 px),2880×1280,9:4,390×293,1080×810,4:3,Yes,"JPG (sRGB, q≥90)",Installed IP cameras on real site; monitoring room with VMS. Real project photography preferred.,Subject within central 80% height and central 60% width,P1,Placeholder band,public/images/solutions/sol-cctv-hero.jpg + public/images/solutions/sol-cctv-hero-mobile.jpg
SOL-CCTV-CARD,Solutions hub + related links + mega menu (MNVR),Index row: CCTV & Security Systems,CCTV & Security Systems index image,F4,752×501,1620×1080,3:2,350×233,same file,3:2,No,"JPG (sRGB, q≥90)",Installed IP cameras on real site; monitoring room with VMS. May be a different crop of the hero master.,Centered subject; 3:2 crop,P1,Placeholder (preview) / index row text-only (production),public/images/solutions/sol-cctv-card.jpg
SOL-CCTV-DETAIL,Solution: CCTV & Security Systems,Body media (beside capabilities list),Supporting in-body image for CCTV & Security Systems,F5,528×660,1080×1350,4:5,350×438,same file,4:5,No,"JPG (sRGB, q≥90)","Detail view: equipment, installation or system in use.",Subject upper-center; bottom 10% may be trimmed,P2,Layout collapses to single column (no image),public/images/solutions/sol-cctv-detail.jpg
SOL-ACCESS-HERO,Solution: Access Control,Page hero band,Access Control detail hero,F2,1440×640 (height clamp 360–760 px),2880×1280,9:4,390×293,1080×810,4:3,Yes,"JPG (sRGB, q≥90)","Turnstiles, readers, biometric terminal, vehicle barrier on site. Real project photography preferred.",Subject within central 80% height and central 60% width,P1,Placeholder band,public/images/solutions/sol-access-hero.jpg + public/images/solutions/sol-access-hero-mobile.jpg
SOL-ACCESS-CARD,Solutions hub + related links + mega menu (MNVR),Index row: Access Control,Access Control index image,F4,752×501,1620×1080,3:2,350×233,same file,3:2,No,"JPG (sRGB, q≥90)","Turnstiles, readers, biometric terminal, vehicle barrier on site. May be a different crop of the hero master.",Centered subject; 3:2 crop,P1,Placeholder (preview) / index row text-only (production),public/images/solutions/sol-access-card.jpg
SOL-ACCESS-DETAIL,Solution: Access Control,Body media (beside capabilities list),Supporting in-body image for Access Control,F5,528×660,1080×1350,4:5,350×438,same file,4:5,No,"JPG (sRGB, q≥90)","Detail view: equipment, installation or system in use.",Subject upper-center; bottom 10% may be trimmed,P2,Layout collapses to single column (no image),public/images/solutions/sol-access-detail.jpg
SOL-ICT-HERO,Solution: Networking & ICT,Page hero band,Networking & ICT detail hero,F2,1440×640 (height clamp 360–760 px),2880×1280,9:4,390×293,1080×810,4:3,Yes,"JPG (sRGB, q≥90)","Structured cabling, racks, fiber termination — clean, labelled. Real project photography preferred.",Subject within central 80% height and central 60% width,P1,Placeholder band,public/images/solutions/sol-ict-hero.jpg + public/images/solutions/sol-ict-hero-mobile.jpg
SOL-ICT-CARD,Solutions hub + related links + mega menu (MNVR),Index row: Networking & ICT,Networking & ICT index image,F4,752×501,1620×1080,3:2,350×233,same file,3:2,No,"JPG (sRGB, q≥90)","Structured cabling, racks, fiber termination — clean, labelled. May be a different crop of the hero master.",Centered subject; 3:2 crop,P1,Placeholder (preview) / index row text-only (production),public/images/solutions/sol-ict-card.jpg
SOL-ICT-DETAIL,Solution: Networking & ICT,Body media (beside capabilities list),Supporting in-body image for Networking & ICT,F5,528×660,1080×1350,4:5,350×438,same file,4:5,No,"JPG (sRGB, q≥90)","Detail view: equipment, installation or system in use.",Subject upper-center; bottom 10% may be trimmed,P2,Layout collapses to single column (no image),public/images/solutions/sol-ict-detail.jpg
SOL-ELV-HERO,Solution: ELV Systems,Page hero band,ELV Systems detail hero,F2,1440×640 (height clamp 360–760 px),2880×1280,9:4,390×293,1080×810,4:3,Yes,"JPG (sRGB, q≥90)",Coordinated ELV room / multiple low-current systems in one infrastructure. Real project photography preferred.,Subject within central 80% height and central 60% width,P1,Placeholder band,public/images/solutions/sol-elv-hero.jpg + public/images/solutions/sol-elv-hero-mobile.jpg
SOL-ELV-CARD,Solutions hub + related links + mega menu (MNVR),Index row: ELV Systems,ELV Systems index image,F4,752×501,1620×1080,3:2,350×233,same file,3:2,No,"JPG (sRGB, q≥90)",Coordinated ELV room / multiple low-current systems in one infrastructure. May be a different crop of the hero master.,Centered subject; 3:2 crop,P1,Placeholder (preview) / index row text-only (production),public/images/solutions/sol-elv-card.jpg
SOL-ELV-DETAIL,Solution: ELV Systems,Body media (beside capabilities list),Supporting in-body image for ELV Systems,F5,528×660,1080×1350,4:5,350×438,same file,4:5,No,"JPG (sRGB, q≥90)","Detail view: equipment, installation or system in use.",Subject upper-center; bottom 10% may be trimmed,P2,Layout collapses to single column (no image),public/images/solutions/sol-elv-detail.jpg
SOL-AV-HERO,Solution: Audio Visual,Page hero band,Audio Visual detail hero,F2,1440×640 (height clamp 360–760 px),2880×1280,9:4,390×293,1080×810,4:3,Yes,"JPG (sRGB, q≥90)","Meeting/conference room, display wall, digital signage in use. Real project photography preferred.",Subject within central 80% height and central 60% width,P1,Placeholder band,public/images/solutions/sol-av-hero.jpg + public/images/solutions/sol-av-hero-mobile.jpg
SOL-AV-CARD,Solutions hub + related links + mega menu (MNVR),Index row: Audio Visual,Audio Visual index image,F4,752×501,1620×1080,3:2,350×233,same file,3:2,No,"JPG (sRGB, q≥90)","Meeting/conference room, display wall, digital signage in use. May be a different crop of the hero master.",Centered subject; 3:2 crop,P1,Placeholder (preview) / index row text-only (production),public/images/solutions/sol-av-card.jpg
SOL-AV-DETAIL,Solution: Audio Visual,Body media (beside capabilities list),Supporting in-body image for Audio Visual,F5,528×660,1080×1350,4:5,350×438,same file,4:5,No,"JPG (sRGB, q≥90)","Detail view: equipment, installation or system in use.",Subject upper-center; bottom 10% may be trimmed,P2,Layout collapses to single column (no image),public/images/solutions/sol-av-detail.jpg
SOL-SMART-HERO,Solution: Smart Building & Home Automation,Page hero band,Smart Building & Home Automation detail hero,F2,1440×640 (height clamp 360–760 px),2880×1280,9:4,390×293,1080×810,4:3,Yes,"JPG (sRGB, q≥90)",Control interface / keypad / automated lighting & shading in a real space. Real project photography preferred.,Subject within central 80% height and central 60% width,P1,Placeholder band,public/images/solutions/sol-smart-hero.jpg + public/images/solutions/sol-smart-hero-mobile.jpg
SOL-SMART-CARD,Solutions hub + related links + mega menu (MNVR),Index row: Smart Building & Home Automation,Smart Building & Home Automation index image,F4,752×501,1620×1080,3:2,350×233,same file,3:2,No,"JPG (sRGB, q≥90)",Control interface / keypad / automated lighting & shading in a real space. May be a different crop of the hero master.,Centered subject; 3:2 crop,P1,Placeholder (preview) / index row text-only (production),public/images/solutions/sol-smart-card.jpg
SOL-SMART-DETAIL,Solution: Smart Building & Home Automation,Body media (beside capabilities list),Supporting in-body image for Smart Building & Home Automation,F5,528×660,1080×1350,4:5,350×438,same file,4:5,No,"JPG (sRGB, q≥90)","Detail view: equipment, installation or system in use.",Subject upper-center; bottom 10% may be trimmed,P2,Layout collapses to single column (no image),public/images/solutions/sol-smart-detail.jpg
SOL-FIRE-HERO,Solution: Fire Alarm Systems,Page hero band,Fire Alarm Systems detail hero,F2,1440×640 (height clamp 360–760 px),2880×1280,9:4,390×293,1080×810,4:3,Yes,"JPG (sRGB, q≥90)","Fire alarm control panel, detectors, notification devices installed. Real project photography preferred.",Subject within central 80% height and central 60% width,P1,Placeholder band,public/images/solutions/sol-fire-hero.jpg + public/images/solutions/sol-fire-hero-mobile.jpg
SOL-FIRE-CARD,Solutions hub + related links + mega menu (MNVR),Index row: Fire Alarm Systems,Fire Alarm Systems index image,F4,752×501,1620×1080,3:2,350×233,same file,3:2,No,"JPG (sRGB, q≥90)","Fire alarm control panel, detectors, notification devices installed. May be a different crop of the hero master.",Centered subject; 3:2 crop,P1,Placeholder (preview) / index row text-only (production),public/images/solutions/sol-fire-card.jpg
SOL-FIRE-DETAIL,Solution: Fire Alarm Systems,Body media (beside capabilities list),Supporting in-body image for Fire Alarm Systems,F5,528×660,1080×1350,4:5,350×438,same file,4:5,No,"JPG (sRGB, q≥90)","Detail view: equipment, installation or system in use.",Subject upper-center; bottom 10% may be trimmed,P2,Layout collapses to single column (no image),public/images/solutions/sol-fire-detail.jpg
SOL-MNVR-FLEET,Solution: Mobile NVR & Mobile Surveillance,Applications band,Wide fleet/transport scene introducing the applications list,F6,1440×600,2880×1200,12:5,390×488,1080×1350,4:5,Yes,"JPG (sRGB, q≥90)","Fleet/depot/transport environment (buses, service vehicles, heavy equipment).",Low-detail zone inline-start 50%,P2,Band renders on charcoal without image,public/images/solutions/sol-mnvr-fleet.jpg + public/images/solutions/sol-mnvr-fleet-mobile.jpg
PROD-HUB-HERO,Products hub,Page hero band,Products / technology portfolio hero,F2,1440×640 (height clamp 360–760 px),2880×1280,9:4,390×293,1080×810,4:3,Yes,"JPG (sRGB, q≥90)",Curated equipment still-life or distribution/stock environment (real).,Central 80% height,P2,Placeholder band,public/images/products/prod-hub-hero.jpg + public/images/products/prod-hub-hero-mobile.jpg
PROD-CCTV,Products hub (+ category page when enabled),Category: CCTV & Surveillance,CCTV & Surveillance category image,F7,416×312,1200×900,4:3,350×263,same file,4:3,No,"JPG (sRGB, q≥90)","Product photography of the category (from partner media kits with usage rights, or own photography), neutral background.","Product centered, 12% padding all sides",P2,Placeholder (preview) / text-only row (production),public/images/products/prod-cctv.jpg
PROD-ACCESS,Products hub (+ category page when enabled),Category: Access Control,Access Control category image,F7,416×312,1200×900,4:3,350×263,same file,4:3,No,"JPG (sRGB, q≥90)","Product photography of the category (from partner media kits with usage rights, or own photography), neutral background.","Product centered, 12% padding all sides",P2,Placeholder (preview) / text-only row (production),public/images/products/prod-access.jpg
PROD-TA,Products hub (+ category page when enabled),Category: Time & Attendance,Time & Attendance category image,F7,416×312,1200×900,4:3,350×263,same file,4:3,No,"JPG (sRGB, q≥90)","Product photography of the category (from partner media kits with usage rights, or own photography), neutral background.","Product centered, 12% padding all sides",P2,Placeholder (preview) / text-only row (production),public/images/products/prod-ta.jpg
PROD-INTERCOM,Products hub (+ category page when enabled),Category: Video Intercom,Video Intercom category image,F7,416×312,1200×900,4:3,350×263,same file,4:3,No,"JPG (sRGB, q≥90)","Product photography of the category (from partner media kits with usage rights, or own photography), neutral background.","Product centered, 12% padding all sides",P2,Placeholder (preview) / text-only row (production),public/images/products/prod-intercom.jpg
PROD-INTRUSION,Products hub (+ category page when enabled),Category: Intrusion & Alarm,Intrusion & Alarm category image,F7,416×312,1200×900,4:3,350×263,same file,4:3,No,"JPG (sRGB, q≥90)","Product photography of the category (from partner media kits with usage rights, or own photography), neutral background.","Product centered, 12% padding all sides",P2,Placeholder (preview) / text-only row (production),public/images/products/prod-intrusion.jpg
PROD-FIRE,Products hub (+ category page when enabled),Category: Fire & Life Safety,Fire & Life Safety category image,F7,416×312,1200×900,4:3,350×263,same file,4:3,No,"JPG (sRGB, q≥90)","Product photography of the category (from partner media kits with usage rights, or own photography), neutral background.","Product centered, 12% padding all sides",P2,Placeholder (preview) / text-only row (production),public/images/products/prod-fire.jpg
PROD-NET,Products hub (+ category page when enabled),Category: Security Networking,Security Networking category image,F7,416×312,1200×900,4:3,350×263,same file,4:3,No,"JPG (sRGB, q≥90)","Product photography of the category (from partner media kits with usage rights, or own photography), neutral background.","Product centered, 12% padding all sides",P2,Placeholder (preview) / text-only row (production),public/images/products/prod-net.jpg
IND-HUB-HERO,Industries hub,Page hero band,Industries overview hero,F2,1440×640 (height clamp 360–760 px),2880×1280,9:4,390×293,1080×810,4:3,Yes,"JPG (sRGB, q≥90)","Composite-free, single real scene conveying “different environments” (e.g., city/building/infrastructure).",Central 80% height,P1,Placeholder band,public/images/industries/ind-hub-hero.jpg + public/images/industries/ind-hub-hero-mobile.jpg
IND-TRANSPORT,Industries hub + Home industries index (hover preview),Industry: Transportation & Fleet,Transportation & Fleet environment image,F5,528×660,1080×1350,4:5,350×438,same file,4:5,No,"JPG (sRGB, q≥90)","Real transportation & fleet environment, ideally showing installed technology in context.",Subject center; safe area central 80%,P1,Placeholder (preview) / panel without image (production),public/images/industries/ind-transport.jpg
IND-GOV,Industries hub + Home industries index (hover preview),Industry: Government & Public Sector,Government & Public Sector environment image,F5,528×660,1080×1350,4:5,350×438,same file,4:5,No,"JPG (sRGB, q≥90)","Real government & public sector environment, ideally showing installed technology in context.",Subject center; safe area central 80%,P1,Placeholder (preview) / panel without image (production),public/images/industries/ind-gov.jpg
IND-COMMERCIAL,Industries hub + Home industries index (hover preview),Industry: Commercial & Corporate,Commercial & Corporate environment image,F5,528×660,1080×1350,4:5,350×438,same file,4:5,No,"JPG (sRGB, q≥90)","Real commercial & corporate environment, ideally showing installed technology in context.",Subject center; safe area central 80%,P1,Placeholder (preview) / panel without image (production),public/images/industries/ind-commercial.jpg
IND-BANKING,Industries hub + Home industries index (hover preview),Industry: Banking & Finance,Banking & Finance environment image,F5,528×660,1080×1350,4:5,350×438,same file,4:5,No,"JPG (sRGB, q≥90)","Real banking & finance environment, ideally showing installed technology in context.",Subject center; safe area central 80%,P1,Placeholder (preview) / panel without image (production),public/images/industries/ind-banking.jpg
IND-HOSPITALITY,Industries hub + Home industries index (hover preview),Industry: Hospitality,Hospitality environment image,F5,528×660,1080×1350,4:5,350×438,same file,4:5,No,"JPG (sRGB, q≥90)","Real hospitality environment, ideally showing installed technology in context.",Subject center; safe area central 80%,P1,Placeholder (preview) / panel without image (production),public/images/industries/ind-hospitality.jpg
IND-RETAIL,Industries hub + Home industries index (hover preview),Industry: Retail,Retail environment image,F5,528×660,1080×1350,4:5,350×438,same file,4:5,No,"JPG (sRGB, q≥90)","Real retail environment, ideally showing installed technology in context.",Subject center; safe area central 80%,P1,Placeholder (preview) / panel without image (production),public/images/industries/ind-retail.jpg
IND-EDUCATION,Industries hub + Home industries index (hover preview),Industry: Education,Education environment image,F5,528×660,1080×1350,4:5,350×438,same file,4:5,No,"JPG (sRGB, q≥90)","Real education environment, ideally showing installed technology in context.",Subject center; safe area central 80%,P1,Placeholder (preview) / panel without image (production),public/images/industries/ind-education.jpg
IND-HEALTHCARE,Industries hub + Home industries index (hover preview),Industry: Healthcare,Healthcare environment image,F5,528×660,1080×1350,4:5,350×438,same file,4:5,No,"JPG (sRGB, q≥90)","Real healthcare environment, ideally showing installed technology in context.",Subject center; safe area central 80%,P1,Placeholder (preview) / panel without image (production),public/images/industries/ind-healthcare.jpg
IND-RESIDENTIAL,Industries hub + Home industries index (hover preview),Industry: Residential,Residential environment image,F5,528×660,1080×1350,4:5,350×438,same file,4:5,No,"JPG (sRGB, q≥90)","Real residential environment, ideally showing installed technology in context.",Subject center; safe area central 80%,P1,Placeholder (preview) / panel without image (production),public/images/industries/ind-residential.jpg
IND-LOGISTICS,Industries hub + Home industries index (hover preview),Industry: Logistics & Warehousing,Logistics & Warehousing environment image,F5,528×660,1080×1350,4:5,350×438,same file,4:5,No,"JPG (sRGB, q≥90)","Real logistics & warehousing environment, ideally showing installed technology in context.",Subject center; safe area central 80%,P1,Placeholder (preview) / panel without image (production),public/images/industries/ind-logistics.jpg
IND-INDUSTRIAL,Industries hub + Home industries index (hover preview),Industry: Industrial & Manufacturing,Industrial & Manufacturing environment image,F5,528×660,1080×1350,4:5,350×438,same file,4:5,No,"JPG (sRGB, q≥90)","Real industrial & manufacturing environment, ideally showing installed technology in context.",Subject center; safe area central 80%,P1,Placeholder (preview) / panel without image (production),public/images/industries/ind-industrial.jpg
SRV-HUB-HERO,Services,Page hero band,Services / lifecycle hero,F2,1440×640 (height clamp 360–760 px),2880×1280,9:4,390×293,1080×810,4:3,Yes,"JPG (sRGB, q≥90)","Vision Plus engineers at work on site (real team, with consent).",Faces within central 60% width,P1,Placeholder band,public/images/services/srv-hub-hero.jpg + public/images/services/srv-hub-hero-mobile.jpg
SRV-DESIGN,Services,Service: System Design & Consultancy,System Design & Consultancy section image,F4,752×501,1620×1080,3:2,350×233,same file,3:2,No,"JPG (sRGB, q≥90)",Engineers reviewing drawings / site survey — real Vision Plus people and sites.,Faces/hands in central 60%,P2,Section renders text-only (alternating layout keeps rhythm),public/images/services/srv-design.jpg
SRV-PM,Services,Service: Project Management,Project Management section image,F4,752×501,1620×1080,3:2,350×233,same file,3:2,No,"JPG (sRGB, q≥90)",Site coordination meeting / planning — real Vision Plus people and sites.,Faces/hands in central 60%,P2,Section renders text-only (alternating layout keeps rhythm),public/images/services/srv-pm.jpg
SRV-INSTALL,Services,Service: Installation & Commissioning,Installation & Commissioning section image,F4,752×501,1620×1080,3:2,350×233,same file,3:2,No,"JPG (sRGB, q≥90)",Technicians installing equipment — real Vision Plus people and sites.,Faces/hands in central 60%,P2,Section renders text-only (alternating layout keeps rhythm),public/images/services/srv-install.jpg
SRV-TEST,Services,Service: Testing & Integration,Testing & Integration section image,F4,752×501,1620×1080,3:2,350×233,same file,3:2,No,"JPG (sRGB, q≥90)",Testing / configuration at a rack or workstation — real Vision Plus people and sites.,Faces/hands in central 60%,P2,Section renders text-only (alternating layout keeps rhythm),public/images/services/srv-test.jpg
SRV-MAINT,Services,Service: Maintenance & After-Sales Support,Maintenance & After-Sales Support section image,F4,752×501,1620×1080,3:2,350×233,same file,3:2,No,"JPG (sRGB, q≥90)",Preventive maintenance visit — real Vision Plus people and sites.,Faces/hands in central 60%,P2,Section renders text-only (alternating layout keeps rhythm),public/images/services/srv-maint.jpg
SRV-TRAIN,Services,Service: Technical Training & Support,Technical Training & Support section image,F4,752×501,1620×1080,3:2,350×233,same file,3:2,No,"JPG (sRGB, q≥90)",Client team being trained on a system — real Vision Plus people and sites.,Faces/hands in central 60%,P2,Section renders text-only (alternating layout keeps rhythm),public/images/services/srv-train.jpg
PROJ-HUB-HERO,Projects hub,Page hero band,Projects overview hero,F2,1440×640 (height clamp 360–760 px),2880×1280,9:4,390×293,1080×810,4:3,Yes,"JPG (sRGB, q≥90)",Strongest real project photograph available.,Central 80% height,P1 (if Projects published),Placeholder band,public/images/projects/proj-hub-hero.jpg + public/images/projects/proj-hub-hero-mobile.jpg
PROJ-{slug}-COVER,Projects hub + Home projects preview + related projects,Project card,Per-project cover (one per project),F4,752×501,1620×1080,3:2,350×233,same file,3:2,No,"JPG (sRGB, q≥90)",Real photo of the delivered project/system.,Centered; 3:2,P1 per published project,Project cannot be published without a cover,public/images/projects/{slug}/cover.jpg
PROJ-{slug}-HERO,Project detail,Page hero band,Per-project hero (one per project),F2,1440×640 (height clamp 360–760 px),2880×1280,9:4,390×293,1080×810,4:3,Yes,"JPG (sRGB, q≥90)","Real wide project photograph (may be same source as cover, different crop).",Central 80% height,P1 per published project,Falls back to COVER cropped (acceptable),public/images/projects/{slug}/hero.jpg + public/images/projects/{slug}/hero-mobile.jpg
PROJ-{slug}-GALLERY-{nn},Project detail,Gallery,Per-project gallery (4–12 images),F8,lightbox ≤1440 wide,2400 px long edge (3:2 or 4:5),3:2 / 4:5,full width,same file,3:2 / 4:5,No,"JPG (sRGB, q≥90)","Installation, system, control room, devices — real, with client permission.",Deliver as shot; no text overlays,P2,Gallery hidden if none,public/images/projects/{slug}/gallery-{nn}.jpg
ABOUT-HERO,About,Page hero band,About page hero,F2,1440×640 (height clamp 360–760 px),2880×1280,9:4,390×293,1080×810,4:3,Yes,"JPG (sRGB, q≥90)",Real Vision Plus office / team / flagship project.,Central 80% height,P1,Placeholder band,public/images/about/about-hero.jpg + public/images/about/about-hero-mobile.jpg
ABOUT-JOURNEY-2017,About + Home journey strip,Journey: 2017 Qatar,Beginnings in Qatar,F7,416×312,1200×900,4:3,350×263,same file,4:3,No,"JPG (sRGB, q≥90)","Authentic photo from Qatar operations (early project, office, team). Must be genuine — no stock skyline.",Centered,P2,Timeline renders text-only,public/images/about/about-journey-2017.jpg
ABOUT-JOURNEY-2021,About + Home journey strip,Journey: 2021 Egypt,Expansion into Egypt,F7,416×312,1200×900,4:3,350×263,same file,4:3,No,"JPG (sRGB, q≥90)",Authentic photo from Egypt operations.,Centered,P2,Timeline renders text-only,public/images/about/about-journey-2021.jpg
ABOUT-JOURNEY-TODAY,About,Journey: Today,Connected technologies today,F7,416×312,1200×900,4:3,350×263,same file,4:3,No,"JPG (sRGB, q≥90)",Recent integrated project or current team.,Centered,P3,Timeline renders text-only,public/images/about/about-journey-today.jpg
ABOUT-VISION,About,Vision / Mission interlude,Full-width image moment between Vision and Mission,F6,1440×600,2880×1200,12:5,390×488,1080×1350,4:5,Yes,"JPG (sRGB, q≥90)",Wide architectural scene expressing “technology working as one”.,Low-detail inline-start 50% (quote overlay on desktop),P2,Interlude renders as charcoal typographic band,public/images/about/about-vision.jpg + public/images/about/about-vision-mobile.jpg
ABOUT-PHILOSOPHY,About,Philosophy,"Image beside “Technology Should Solve Complexity, Not Create It.”",F5,528×660,1080×1350,4:5,350×438,same file,4:5,No,"JPG (sRGB, q≥90)","Calm, orderly technical detail (clean rack, tidy installation).",Center,P3,Section renders text-only,public/images/about/about-philosophy.jpg
PARTNER-{slug}-LOGO,Home partner carousel + Partners page,Partner logo,One per confirmed partner,F9,cell 240×96 (page) / 160×64 (carousel),"SVG (preferred) or PNG ≥ 800 px wide, transparent",free (fit box),cell 140×56,same file,free,No,SVG / PNG,"Official logo from the partner’s brand kit (monochrome + full-color versions), with confirmation that Vision Plus may display it.","Trim to artwork bounds, no padding baked in",P1 (per partner shown),Partner not rendered without a logo,public/images/partners/{slug}.svg
CP-POSTER,Company Profile,Embed poster / fallback,Cover image shown before the Canva embed loads and if it fails,F11,"container ≤1312 wide, 16:9",1920×1080,16:9,350×197,same file,16:9,No,"JPG (sRGB, q≥90)",Export of the Canva presentation cover slide (PNG/JPG).,Whole slide,P1,Charcoal 16:9 surface with title,public/images/company-profile/cp-poster.jpg
CONTACT-MAP-QATAR,Contact,Qatar location (click-to-load map preview),Static preview shown before the Google Map iframe is loaded,F4,752×501,1620×1080,3:2,350×233,same file,3:2,No,"JPG (sRGB, q≥90)",Stylised map crop around the office (designer-made in Option B greys) or a photo of the building entrance.,Office location at center,P3,Neutral surface with address + “Show map” button,public/images/contact/contact-map-qatar.jpg
CONTACT-MAP-EGYPT,Contact,Egypt location (click-to-load map preview),Static preview shown before the Google Map iframe is loaded,F4,752×501,1620×1080,3:2,350×233,same file,3:2,No,"JPG (sRGB, q≥90)",Same treatment as Qatar.,Office location at center,P3,Neutral surface with address + “Show map” button,public/images/contact/contact-map-egypt.jpg
